cat_horas_redes,n,promedio_medio,mediana_promedio,desviacion_promedio,horas_redes_media,distraccion_media,horas_estudio_media
0-2 h,98,4.184285714285714,4,0.6689767536373861,1.6464285714285716,2.581632653061225,3.526530612244898
2-4 h,121,4.1167768595041325,4,0.664754609957731,3.319559228650138,2.669421487603306,3.2548209366391174
4-6 h,82,3.9898780487804877,3.8449999999999998,0.662823168609493,5.214054073090236,2.8536585365853657,2.841463414634146
>6 h,52,4.0351923076923075,3.9099999999999997,0.6080618208528503,8.903846153846153,3.1538461538461537,2.7916666666666665
