distraccion_grupo,n,promedio_medio,horas_redes_media,horas_estudio_media
Distr. 1,95,4.232736842105263,3.7719298245614032,3.5052631578947366
Distr. 2,62,4.1,3.9626344086021503,3.2258064516129026
Distr. 3,81,4.1443209876543206,3.819577374404107,3.2572016460905346
Distr. 4,63,3.916031746031746,4.224867724867725,2.7714285714285714
Distr. 5,52,3.9707692307692306,5.269230769230768,2.8108974358974357
