plataforma,n,promedio_medio,error_estandar,horas_redes_media
Facebook,116,4.023189655172414,0.06043267272843735,4.239942528735632
YouTube,109,4.094128440366973,0.06184242400006741,3.672782874617737
Instagram,107,4.134299065420561,0.0656872451852759,4.570249221183801
Other,17,4.261764705882353,0.15983271423520404,3.0226921956901576
TikTok,4,4.355,0.37382036684304226,5.25
