metodo,estimacion,p_valor
Pearson,-0.15805153630877525,0.0029039718717301204
Spearman,-0.15489615744903454,0.00352803673592908
