term,df,sumsq,meansq,statistic,p.value
cat_horas_redes,3,1.930447986079399,0.6434826620264663,1.4884272357638395,0.21740391189447672
Residuals,349,150.88103983261757,0.43232389636853175,NA,NA
