modelo,r.squared,adj.r.squared,sigma,AIC,BIC,statistic,p.value,df,df.residual
Modelo 1: horas_redes,0.024980288129564324,0.022202454192611465,0.6515250853336547,703.2867155183831,714.8861196891829,8.992721918059244,0.0029039718717300002,1,351
Modelo 2: ajustado,0.17944857713829804,0.17001695158816355,0.600262595216645,648.4008847691875,671.5996931107874,19.026261823524038,3.652496929183461e-14,4,348
Modelo 3: interaccion,0.18357862314972107,0.1718146263651349,0.5996121832229518,648.6196586722184,675.6849350707515,15.605123540177782,7.402143236208419e-14,5,347
