prueba,estadistico,p_valor
Shapiro-Wilk,0.972557263132512,3.099432056387367e-6
