variable,vif
horas_redes,4.827389691711029
distraccion_acad,3.05874309731945
horas_estudio,1.0815488649756089
asistencia,1.044901760468769
horas_redes:distraccion_acad,7.710926531891701
