distraccion,efecto,se_efecto,ic_inf,ic_sup,significativo
1,-0.0467771573287759,0.020200290789273236,-0.08650757412599386,-0.007046740531557953,Si
2,-0.0367683916404072,0.014956777762084797,-0.06618574115433314,-0.007351042126481255,Si
3,-0.026759625952038492,0.01238927892172573,-0.05112715711839848,-0.0023920947856785023,Si
4,-0.016750860263669787,0.01405058153597091,-0.044385881288409354,0.010884160761069784,No
5,-0.006742094575301082,0.018854151503590443,-0.04382489231370395,0.030340703163101786,No
